{"status":{},"contains_secrets":true,"product_version":"3.3.1","spec":{"description":"","resources":{"client_attrs":{"b3921ce9_deployment":{"y":320,"x":1025}},"service_definition_list":[{"singleton":false,"action_list":[{"description":"System action for creating an application","type":"system","critical":false,"runbook":{"task_definition_list":[{"target_any_local_reference":{"kind":"app_service","name":"Service1"},"retries":"0","description":"","child_tasks_local_reference_list":[],"name":"a7756d06_dag","attrs":{"edges":[],"type":""},"timeout_secs":"0","type":"DAG","variable_list":[]}],"description":"","name":"86bf5ee1_runbook","main_task_local_reference":{"kind":"app_task","name":"a7756d06_dag"},"variable_list":[]},"name":"action_create"},{"description":"System action for deleting an application. Deletes created VMs as well","type":"system","critical":false,"runbook":{"task_definition_list":[{"target_any_local_reference":{"kind":"app_service","name":"Service1"},"retries":"0","description":"","child_tasks_local_reference_list":[],"name":"425c9ffc_dag","attrs":{"edges":[],"type":""},"timeout_secs":"0","type":"DAG","variable_list":[]}],"description":"","name":"074e491f_runbook","main_task_local_reference":{"kind":"app_task","name":"425c9ffc_dag"},"variable_list":[]},"name":"action_delete"},{"description":"System action for starting an application","type":"system","critical":false,"runbook":{"task_definition_list":[{"target_any_local_reference":{"kind":"app_service","name":"Service1"},"retries":"0","description":"","child_tasks_local_reference_list":[],"name":"ac54550a_dag","attrs":{"edges":[],"type":""},"timeout_secs":"0","type":"DAG","variable_list":[]}],"description":"","name":"67adfcd0_runbook","main_task_local_reference":{"kind":"app_task","name":"ac54550a_dag"},"variable_list":[]},"name":"action_start"},{"description":"System action for stopping an application","type":"system","critical":false,"runbook":{"task_definition_list":[{"target_any_local_reference":{"kind":"app_service","name":"Service1"},"retries":"0","description":"","child_tasks_local_reference_list":[],"name":"a7410403_dag","attrs":{"edges":[],"type":""},"timeout_secs":"0","type":"DAG","variable_list":[]}],"description":"","name":"43a0d175_runbook","main_task_local_reference":{"kind":"app_task","name":"a7410403_dag"},"variable_list":[]},"name":"action_stop"},{"description":"System action for restarting an application","type":"system","critical":false,"runbook":{"task_definition_list":[{"target_any_local_reference":{"kind":"app_service","name":"Service1"},"retries":"0","description":"","child_tasks_local_reference_list":[],"name":"aa42449c_dag","attrs":{"edges":[],"type":""},"timeout_secs":"0","type":"DAG","variable_list":[]}],"description":"","name":"d8a1ff2c_runbook","main_task_local_reference":{"kind":"app_task","name":"aa42449c_dag"},"variable_list":[]},"name":"action_restart"}],"depends_on_list":[],"name":"Service1","port_list":[],"tier":"","variable_list":[],"description":""}],"substrate_definition_list":[{"description":"","action_list":[],"type":"AHV_VM","name":"AHV_vmmssql2k19","readiness_probe":{"connection_type":"POWERSHELL","retries":"5","connection_protocol":"http","connection_port":5985,"address":"@@{platform.status.resources.nic_list[0].ip_endpoint_list[0].ip}@@","delay_secs":"0","disable_readiness_probe":true,"login_credential_local_reference":{"kind":"app_credential","name":"creds_administrator"}},"os_type":"Windows","create_spec":{"name":"vm-mssql2k19","resources":{"nic_list":[{"nic_type":"NORMAL_NIC","ip_endpoint_list":[],"network_function_chain_reference":null,"network_function_nic_type":"INGRESS","mac_address":"","subnet_reference":{"kind":"subnet","type":"","name":"","uuid":"006abae5-83ff-425e-b8dc-a015bd5edb58"},"type":""}],"serial_port_list":[],"guest_tools":null,"num_vcpus_per_socket":1,"num_sockets":2,"gpu_list":[],"memory_size_mib":8192,"parent_reference":null,"hardware_clock_timezone":"","guest_customization":{"cloud_init":{"meta_data":"","type":"","user_data":"<?xml version=\"1.0\" encoding=\"utf-8\"?>\r\n<unattend xmlns=\"urn:schemas-microsoft-com:unattend\">\r\n    <settings pass=\"windowsPE\">\r\n    <component name=\"Microsoft-Windows-Setup\" processorArchitecture=\"amd64\" publicKeyToken=\"31bf3856ad364e35\" language=\"neutral\" versionScope=\"nonSxS\" xmlns:wcm=\"http:\/\/schemas.microsoft.com\/WMIConfig\/2002\/State\" xmlns:xsi=\"http:\/\/www.w3.org\/2001\/XMLSchema-instance\">\r\n        <UserData>\r\n            <AcceptEula>true<\/AcceptEula>\r\n            <FullName>@@{creds_administrator.username}@@<\/FullName>\r\n            <Organization>Organization<\/Organization>\r\n            <ProductKey>\r\n                <Key>@@{PRODUCT_KEY}@@<\/Key>\r\n            <\/ProductKey>\r\n        <\/UserData>\r\n        <EnableFirewall>@@{ENABLE_FIREWALL}@@<\/EnableFirewall>\r\n    <\/component>\r\n    <component name=\"Microsoft-Windows-International-Core-WinPE\" processorArchitecture=\"amd64\" publicKeyToken=\"31bf3856ad364e35\" language=\"neutral\" versionScope=\"nonSxS\" xmlns:wcm=\"http:\/\/schemas.microsoft.com\/WMIConfig\/2002\/State\" xmlns:xsi=\"http:\/\/www.w3.org\/2001\/XMLSchema-instance\">\r\n        <SetupUILanguage>\r\n        <UILanguage>en-US<\/UILanguage>\r\n        <\/SetupUILanguage>\r\n        <InputLocalefr-FR<\/InputLocale>\r\n        <SystemLocale>en-US<\/SystemLocale>\r\n        <UILanguage>en-US<\/UILanguage>\r\n        <UILanguageFallback>en-US<\/UILanguageFallback>\r\n        <UserLocale>en-US<\/UserLocale>\r\n    <\/component>\r\n    <\/settings>\r\n    <settings pass=\"offlineServicing\">\r\n        <component name=\"Microsoft-Windows-LUA-Settings\" processorArchitecture=\"amd64\" publicKeyToken=\"31bf3856ad364e35\" language=\"neutral\" versionScope=\"nonSxS\" xmlns:wcm=\"http:\/\/schemas.microsoft.com\/WMIConfig\/2002\/State\" xmlns:xsi=\"http:\/\/www.w3.org\/2001\/XMLSchema-instance\">\r\n            <EnableLUA>false<\/EnableLUA>\r\n        <\/component>\r\n    <\/settings>\r\n    <settings pass=\"generalize\">\r\n        <component name=\"Microsoft-Windows-Security-SPP\" processorArchitecture=\"amd64\" publicKeyToken=\"31bf3856ad364e35\" language=\"neutral\" versionScope=\"nonSxS\" xmlns:wcm=\"http:\/\/schemas.microsoft.com\/WMIConfig\/2002\/State\" xmlns:xsi=\"http:\/\/www.w3.org\/2001\/XMLSchema-instance\">\r\n            <SkipRearm>1<\/SkipRearm>\r\n        <\/component>\r\n    <\/settings>\r\n    <settings pass=\"specialize\">\r\n    <component name=\"Microsoft-Windows-International-Core\" processorArchitecture=\"amd64\" publicKeyToken=\"31bf3856ad364e35\" language=\"neutral\" versionScope=\"nonSxS\" xmlns:wcm=\"http:\/\/schemas.microsoft.com\/WMIConfig\/2002\/State\" xmlns:xsi=\"http:\/\/www.w3.org\/2001\/XMLSchema-instance\">\r\n        <InputLocale>fr-FR<\/InputLocale>\r\n        <SystemLocale>en-US<\/SystemLocale>\r\n        <UILanguage>en-US<\/UILanguage>\r\n        <UILanguageFallback>en-US<\/UILanguageFallback>\r\n        <UserLocale>en-US<\/UserLocale>\r\n    <\/component>\r\n    <component name=\"Microsoft-Windows-Security-SPP-UX\" processorArchitecture=\"amd64\" publicKeyToken=\"31bf3856ad364e35\" language=\"neutral\" versionScope=\"nonSxS\" xmlns:wcm=\"http:\/\/schemas.microsoft.com\/WMIConfig\/2002\/State\" xmlns:xsi=\"http:\/\/www.w3.org\/2001\/XMLSchema-instance\">\r\n        <SkipAutoActivation>true<\/SkipAutoActivation>\r\n    <\/component>\r\n    <component name=\"Microsoft-Windows-SQMApi\" processorArchitecture=\"amd64\" publicKeyToken=\"31bf3856ad364e35\" language=\"neutral\" versionScope=\"nonSxS\" xmlns:wcm=\"http:\/\/schemas.microsoft.com\/WMIConfig\/2002\/State\" xmlns:xsi=\"http:\/\/www.w3.org\/2001\/XMLSchema-instance\">\r\n        <CEIPEnabled>1<\/CEIPEnabled>\r\n    <\/component>\r\n    <component name=\"Microsoft-Windows-Shell-Setup\" processorArchitecture=\"amd64\" publicKeyToken=\"31bf3856ad364e35\" language=\"neutral\" versionScope=\"nonSxS\" xmlns:wcm=\"http:\/\/schemas.microsoft.com\/WMIConfig\/2002\/State\" xmlns:xsi=\"http:\/\/www.w3.org\/2001\/XMLSchema-instance\">\r\n        <ComputerName>@@{name}@@<\/ComputerName>\r\n        <ProductKey>@@{PRODUCT_KEY}@@<\/ProductKey>\r\n    <\/component>\r\n    <\/settings>\r\n    <settings pass=\"oobeSystem\">\r\n    <component name=\"Microsoft-Windows-Shell-Setup\" processorArchitecture=\"amd64\" publicKeyToken=\"31bf3856ad364e35\" language=\"neutral\" versionScope=\"nonSxS\" xmlns:wcm=\"http:\/\/schemas.microsoft.com\/WMIConfig\/2002\/State\" xmlns:xsi=\"http:\/\/www.w3.org\/2001\/XMLSchema-instance\">\r\n        <AutoLogon>\r\n            <Password>\r\n                <Value>@@{creds_administrator.secret}@@<\/Value>\r\n                <PlainText>true<\/PlainText>\r\n            <\/Password>\r\n            <Enabled>true<\/Enabled>\r\n            <Username>administrator<\/Username>\r\n        <\/AutoLogon>\r\n        <OOBE>\r\n            <HideEULAPage>true<\/HideEULAPage>\r\n            <HideLocalAccountScreen>true<\/HideLocalAccountScreen>\r\n            <HideOEMRegistrationScreen>true<\/HideOEMRegistrationScreen>\r\n            <HideOnlineAccountScreens>true<\/HideOnlineAccountScreens>\r\n            <HideWirelessSetupInOOBE>true<\/HideWirelessSetupInOOBE>\r\n            <NetworkLocation>Work<\/NetworkLocation>\r\n            <ProtectYourPC>3<\/ProtectYourPC>\r\n            <SkipMachineOOBE>true<\/SkipMachineOOBE>\r\n            <SkipUserOOBE>true<\/SkipUserOOBE>\r\n        <\/OOBE>\r\n        <RegisteredOrganization>@@{ORGANIZATION}@@<\/RegisteredOrganization>\r\n        <RegisteredOwner>@@{OWNER}@@<\/RegisteredOwner>\r\n        <DisableAutoDaylightTimeSet>false<\/DisableAutoDaylightTimeSet>\r\n        <TimeZone>@@{TIME_ZONE}@@<\/TimeZone>\r\n        <UserAccounts>\r\n            <AdministratorPassword>\r\n                <Value>@@{creds_administrator.secret}@@<\/Value>\r\n                <PlainText>true<\/PlainText>\r\n            <\/AdministratorPassword>\r\n        <\/UserAccounts>\r\n    <\/component>\r\n    <\/settings>\r\n<\/unattend>"},"type":"","sysprep":null},"power_state":"ON","type":"","account_uuid":"6639980a-52b3-4eb5-b127-5272c9ede582","boot_config":{"boot_device":{"type":"","disk_address":{"type":"","device_index":0,"adapter_type":"SCSI"}},"type":"","boot_type":"LEGACY","mac_address":""},"disk_list":[{"data_source_reference":{"kind":"image","type":"","name":"M-W2K19-STD","uuid":"86dec8ba-cff7-4463-b1e1-7b9b57b7251b"},"type":"","disk_size_mib":0,"volume_group_reference":null,"device_properties":{"type":"","disk_address":{"type":"","device_index":0,"adapter_type":"SCSI"},"device_type":"DISK"}},{"data_source_reference":{"kind":"image","type":"","name":"DISK-MGMT-80GIB","uuid":"4583c3c4-e6ec-4c01-80b2-536852680391"},"type":"","disk_size_mib":0,"volume_group_reference":null,"device_properties":{"type":"","disk_address":{"type":"","device_index":1,"adapter_type":"SCSI"},"device_type":"DISK"}}]},"availability_zone_reference":null,"backup_policy":null,"type":"","cluster_reference":null,"categories":""},"variable_list":[]}],"credential_definition_list":[{"username":"Administrator","description":"","type":"PASSWORD","secret":{"attrs":{"is_secret_modified":true,"secret_reference":{}},"value":"4Q360LK1lySkMFnnuE5YCqFxYjpG6wqOZe9KH3vhp9ZccfJCyZtw+bB6:utf-8"},"name":"creds_administrator","cred_class":"static"}],"package_definition_list":[{"description":"","action_list":[],"type":"DEB","service_local_reference_list":[{"kind":"app_service","name":"Service1"}],"name":"Package1","version":"","options":{"install_runbook":{"task_definition_list":[{"target_any_local_reference":{"kind":"app_package","name":"Package1"},"retries":"0","description":"","child_tasks_local_reference_list":[],"name":"af9f826d_dag","attrs":{"edges":[],"type":""},"timeout_secs":"0","type":"DAG","variable_list":[]}],"description":"","name":"464d781e_runbook","main_task_local_reference":{"kind":"app_task","name":"af9f826d_dag"},"variable_list":[]},"type":"","uninstall_runbook":{"task_definition_list":[{"target_any_local_reference":{"kind":"app_package","name":"Package1"},"retries":"0","description":"","child_tasks_local_reference_list":[],"name":"ada2db06_dag","attrs":{"edges":[],"type":""},"timeout_secs":"0","type":"DAG","variable_list":[]}],"description":"","name":"c7649add_runbook","main_task_local_reference":{"kind":"app_task","name":"ada2db06_dag"},"variable_list":[]}},"variable_list":[]}],"app_profile_list":[{"deployment_create_list":[{"type":"GREENFIELD","action_list":[],"name":"b3921ce9_deployment","min_replicas":"1","default_replicas":"1","depends_on_list":[],"published_service_local_reference_list":[],"max_replicas":"1","package_local_reference_list":[{"kind":"app_package","name":"Package1"}],"substrate_local_reference":{"kind":"app_substrate","name":"AHV_vmmssql2k19"},"variable_list":[],"description":""}],"environment_reference_list":[],"patch_list":[],"description":"","action_list":[],"name":"Default","restore_config_list":[],"snapshot_config_list":[],"variable_list":[{"val_type":"STRING","is_mandatory":false,"description":"","data_type":"BASE","type":"LOCAL","name":"ENABLE_FIREWALL","value":"false","label":"","attrs":{"type":"LOCAL"},"editables":{"value":true},"is_hidden":false,"options":{"type":"PREDEFINED","choices":["false","true"]}},{"val_type":"STRING","is_mandatory":false,"description":"","data_type":"BASE","type":"LOCAL","name":"PRODUCT_KEY","value":"VNQT3-Y2JPQ-RW3RT-TXFFY-R63D3","label":"","attrs":{"type":""},"is_hidden":false,"options":{"type":"PREDEFINED","choices":[]}},{"val_type":"STRING","is_mandatory":false,"description":"","data_type":"BASE","type":"LOCAL","name":"ORGANIZATION","value":"YOURORG","label":"","attrs":{"type":""},"is_hidden":false,"options":{"type":"PREDEFINED","choices":[]}},{"val_type":"STRING","is_mandatory":false,"description":"","data_type":"BASE","type":"LOCAL","name":"TIME_ZONE","value":"Romance Standard Time","label":"","attrs":{"type":"LOCAL"},"editables":{"value":true},"is_hidden":false,"options":{"type":"PREDEFINED","choices":["Romance Standard Time","Eastern Standard Time","Mountain Standard Time","Hawaiian Standard Time","W. Central Africa Standard Time","Middle East Standard Time","Nepal Standard Time","China Standard Time","Aus Central W. Standard Time","Tokyo Standard Time"]}},{"val_type":"STRING","is_mandatory":false,"description":"","data_type":"BASE","type":"LOCAL","name":"OWNER","value":"ME","label":"","attrs":{"type":""},"is_hidden":false,"options":{"type":"PREDEFINED","choices":[]}}]}],"published_service_definition_list":[],"default_credential_local_reference":{"kind":"app_credential","name":"creds_administrator"},"type":"USER"},"name":"MSSQL2K19"},"api_version":"3.0","metadata":{"last_update_time":"1634977605182531","kind":"blueprint","spec_version":21,"creation_time":"1634958423864824","name":"MSSQL2K19"}}