{"status":{},"contains_secrets":true,"product_version":"3.3.1","spec":{"description":"","resources":{"endpoints_information":[],"endpoint_definition_list":[],"credential_definition_list":[{"username":"postgres","description":"","type":"PASSWORD","secret":{"attrs":{"is_secret_modified":true,"secret_reference":{}},"value":"zHQaMJbVgk\/VqgtSUr\/341+yKcYvwNn7gDAElFwNrnnwhuU+lNggkjET:utf-8"},"name":"creds_postgres","cred_class":"static"}],"runbook":{"task_definition_list":[{"retries":"0","description":"","child_tasks_local_reference_list":[{"kind":"app_task","name":"UpdatePgsql13Master"}],"name":"d689c059_dag","attrs":{"edges":[],"type":""},"timeout_secs":"0","type":"DAG","variable_list":[]},{"target_any_local_reference":{"kind":"app_endpoint","name":"pgsql13-std"},"retries":"0","description":"","child_tasks_local_reference_list":[],"name":"UpdatePgsql13Master","attrs":{"exit_status":[],"script":"#! \/bin\/bash -x\n\n#Create pgsql default directory\n\ncd \/usr\/pgsql-13\nsudo su -c \"rm -rf *\"\n\ncd \/tmp\n\nwget https:\/\/ftp.postgresql.org\/pub\/source\/v@@{MyPgsqlVersion}@@\/postgresql-@@{MyPgsqlVersion}@@.tar.gz -P \/tmp --no-check-certificate\n\n\nsudo su -c 'tar -xvzf postgresql-@@{MyPgsqlVersion}@@.tar.gz'\n\ncd \/tmp\/postgresql-@@{MyPgsqlVersion}@@\nsudo su -c '\/tmp\/postgresql-@@{MyPgsqlVersion}@@\/configure --prefix=\/usr\/pgsql-13 --with-openssl --with-ldap --with-systemd --with-libxml'\nsudo su -c 'make'\nsudo su -c 'make install'\nsudo su -c 'make install-docs'\nsudo su -c 'make install-world'\n\nsudo su -c 'mkdir \/usr\/local\/pgsql'\nsudo su -c 'chown postgres:postgres \/usr\/local\/pgsql'\n\ncd \/tmp\nrm -rf postgresql-@@{MyPgsqlVersion}@@\n\nexit","script_type":"sh","type":"","command_line_args":"","login_credential_local_reference":{"kind":"app_credential","name":"creds_postgres"}},"timeout_secs":"0","type":"EXEC","variable_list":[]}],"description":"","name":"94dd123e_runbook","main_task_local_reference":{"kind":"app_task","name":"d689c059_dag"},"variable_list":[{"val_type":"STRING","is_mandatory":true,"description":"","data_type":"BASE","type":"LOCAL","name":"MyPgsqlVersion","value":"13.2","label":"Choose New Pgsql Target","attrs":{"type":"LOCAL"},"editables":{"value":true},"is_hidden":false,"options":{"type":"PREDEFINED","choices":["13.2","13.3","13.4"]}}]},"client_attrs":{},"default_target_reference":{"kind":"app_endpoint","name":"M-PGSQL13-STD"}},"name":"PatchPgsql13"},"api_version":"3.0","metadata":{"last_update_time":"1635793670279048","kind":"runbook","spec_version":6,"creation_time":"1635791665927603","name":"PatchPgsql13"}}