{"status":{},"contains_secrets":true,"product_version":"3.3.1","spec":{"description":"","resources":{"client_attrs":{"49669086_deployment":{"y":-67,"x":453}},"service_definition_list":[{"singleton":false,"action_list":[{"description":"System action for creating an application","type":"system","critical":false,"runbook":{"task_definition_list":[{"target_any_local_reference":{"kind":"app_service","name":"MSSQL"},"retries":"0","description":"","child_tasks_local_reference_list":[],"name":"030017c3_dag","attrs":{"edges":[],"type":""},"timeout_secs":"0","type":"DAG","variable_list":[]}],"description":"","name":"5730e30f_runbook","main_task_local_reference":{"kind":"app_task","name":"030017c3_dag"},"variable_list":[]},"name":"action_create"},{"description":"System action for deleting an application. Deletes created VMs as well","type":"system","critical":false,"runbook":{"task_definition_list":[{"target_any_local_reference":{"kind":"app_service","name":"MSSQL"},"retries":"0","description":"","child_tasks_local_reference_list":[],"name":"6f5f997d_dag","attrs":{"edges":[],"type":""},"timeout_secs":"0","type":"DAG","variable_list":[]}],"description":"","name":"b01e7edf_runbook","main_task_local_reference":{"kind":"app_task","name":"6f5f997d_dag"},"variable_list":[]},"name":"action_delete"},{"description":"System action for starting an application","type":"system","critical":false,"runbook":{"task_definition_list":[{"target_any_local_reference":{"kind":"app_service","name":"MSSQL"},"retries":"0","description":"","child_tasks_local_reference_list":[],"name":"c2b90e7d_dag","attrs":{"edges":[],"type":""},"timeout_secs":"0","type":"DAG","variable_list":[]}],"description":"","name":"0263f5a9_runbook","main_task_local_reference":{"kind":"app_task","name":"c2b90e7d_dag"},"variable_list":[]},"name":"action_start"},{"description":"System action for stopping an application","type":"system","critical":false,"runbook":{"task_definition_list":[{"target_any_local_reference":{"kind":"app_service","name":"MSSQL"},"retries":"0","description":"","child_tasks_local_reference_list":[],"name":"00b1cc9f_dag","attrs":{"edges":[],"type":""},"timeout_secs":"0","type":"DAG","variable_list":[]}],"description":"","name":"8aadc288_runbook","main_task_local_reference":{"kind":"app_task","name":"00b1cc9f_dag"},"variable_list":[]},"name":"action_stop"},{"description":"System action for restarting an application","type":"system","critical":false,"runbook":{"task_definition_list":[{"target_any_local_reference":{"kind":"app_service","name":"MSSQL"},"retries":"0","description":"","child_tasks_local_reference_list":[],"name":"6c4b7c3b_dag","attrs":{"edges":[],"type":""},"timeout_secs":"0","type":"DAG","variable_list":[]}],"description":"","name":"a059f54d_runbook","main_task_local_reference":{"kind":"app_task","name":"6c4b7c3b_dag"},"variable_list":[]},"name":"action_restart"}],"depends_on_list":[],"name":"MSSQL","port_list":[],"tier":"","variable_list":[{"val_type":"STRING","is_mandatory":false,"description":"","data_type":"BASE","type":"LOCAL","name":"EXECUTION_MODE","value":"","label":"","attrs":{"type":""},"is_hidden":false}],"description":""}],"substrate_definition_list":[{"description":"","action_list":[],"type":"AHV_VM","name":"AHV_MSSQL","readiness_probe":{"connection_type":"POWERSHELL","retries":"5","connection_protocol":"","connection_port":5985,"address":"@@{platform.status.resources.nic_list[0].ip_endpoint_list[0].ip}@@","delay_secs":"60","disable_readiness_probe":false,"login_credential_local_reference":{"kind":"app_credential","name":"LOCAL"}},"editables":{"readiness_probe":{"connection_type":true,"retries":true,"connection_protocol":true,"timeout_secs":true,"address":true,"delay_secs":true,"connection_port":true},"create_spec":{"categories":true,"name":true,"resources":{"nic_list":{"0":{"subnet_reference":true}},"serial_port_list":{},"num_vcpus_per_socket":true,"num_sockets":true,"memory_size_mib":true,"boot_config":true,"guest_customization":true,"disk_list":{"1":{"disk_size_mib":true},"0":{"data_source_reference":true,"device_properties":{"disk_address":{"adapter_type":true},"device_type":true},"disk_size_mib":true}}}}},"os_type":"Windows","create_spec":{"name":"MSSQL-@@{calm_unique}@@","resources":{"nic_list":[{"nic_type":"NORMAL_NIC","ip_endpoint_list":[],"network_function_chain_reference":null,"network_function_nic_type":"INGRESS","mac_address":"","subnet_reference":{"kind":"subnet","type":"","name":"","uuid":"006abae5-83ff-425e-b8dc-a015bd5edb58"},"type":""}],"serial_port_list":[],"guest_tools":null,"num_vcpus_per_socket":1,"num_sockets":2,"gpu_list":[],"memory_size_mib":8192,"parent_reference":null,"hardware_clock_timezone":"","guest_customization":{"cloud_init":null,"type":"","sysprep":{"is_domain":false,"install_type":"PREPARED","domain_credential_reference":null,"domain":"","dns_ip":"","dns_search_path":"","unattend_xml":"<?xml version=\"1.0\" encoding=\"UTF-8\"?>\n<unattend xmlns=\"urn:schemas-microsoft-com:unattend\">\n   <settings pass=\"specialize\">\n      <component xmlns:wcm=\"http:\/\/schemas.microsoft.com\/WMIConfig\/2002\/State\" xmlns:xsi=\"http:\/\/www.w3.org\/2001\/XMLSchema-instance\" name=\"Microsoft-Windows-Shell-Setup\" processorArchitecture=\"amd64\" publicKeyToken=\"31bf3856ad364e35\" language=\"neutral\" versionScope=\"nonSxS\">\n         <ComputerName>@@{name}@@<\/ComputerName>\n         <RegisteredOrganization>Nutanix<\/RegisteredOrganization>\n         <RegisteredOwner>Acropolis<\/RegisteredOwner>\n         <TimeZone>UTC<\/TimeZone>\n      <\/component>\n      <component xmlns=\"\" name=\"Microsoft-Windows-TerminalServices-LocalSessionManager\" publicKeyToken=\"31bf3856ad364e35\" language=\"neutral\" versionScope=\"nonSxS\" processorArchitecture=\"amd64\">\n         <fDenyTSConnections>false<\/fDenyTSConnections>\n      <\/component>\n      <component xmlns=\"\" name=\"Microsoft-Windows-TerminalServices-RDP-WinStationExtensions\" publicKeyToken=\"31bf3856ad364e35\" language=\"neutral\" versionScope=\"nonSxS\" processorArchitecture=\"amd64\">\n         <UserAuthentication>0<\/UserAuthentication>\n      <\/component>\n      <component xmlns:wcm=\"http:\/\/schemas.microsoft.com\/WMIConfig\/2002\/State\" xmlns:xsi=\"http:\/\/www.w3.org\/2001\/XMLSchema-instance\" name=\"Networking-MPSSVC-Svc\" processorArchitecture=\"amd64\" publicKeyToken=\"31bf3856ad364e35\" language=\"neutral\" versionScope=\"nonSxS\">\n         <FirewallGroups>\n            <FirewallGroup wcm:action=\"add\" wcm:keyValue=\"RemoteDesktop\">\n               <Active>true<\/Active>\n               <Profile>all<\/Profile>\n               <Group>@FirewallAPI.dll,-28752<\/Group>\n            <\/FirewallGroup>\n         <\/FirewallGroups>\n      <\/component>\n   <\/settings>\n   <settings pass=\"oobeSystem\">\n      <component xmlns:wcm=\"http:\/\/schemas.microsoft.com\/WMIConfig\/2002\/State\" xmlns:xsi=\"http:\/\/www.w3.org\/2001\/XMLSchema-instance\" name=\"Microsoft-Windows-Shell-Setup\" processorArchitecture=\"amd64\" publicKeyToken=\"31bf3856ad364e35\" language=\"neutral\" versionScope=\"nonSxS\">\n         <UserAccounts>\n            <AdministratorPassword>\n               <Value>@@{LOCAL.secret}@@<\/Value>\n               <PlainText>true<\/PlainText>\n            <\/AdministratorPassword>\n         <\/UserAccounts>\n         <AutoLogon>\n            <Password>\n               <Value>@@{LOCAL.secret}@@<\/Value>\n               <PlainText>true<\/PlainText>\n            <\/Password>\n            <Enabled>true<\/Enabled>\n            <Username>Administrator<\/Username>\n         <\/AutoLogon>\n         <FirstLogonCommands>\n            <SynchronousCommand wcm:action=\"add\">\n               <CommandLine>cmd.exe \/c netsh firewall add portopening TCP 5985 \"Port 5985\"<\/CommandLine>\n               <Description>Win RM port open<\/Description>\n               <Order>1<\/Order>\n               <RequiresUserInput>true<\/RequiresUserInput>\n            <\/SynchronousCommand>\n         <\/FirstLogonCommands>\n         <OOBE>\n            <HideEULAPage>true<\/HideEULAPage>\n            <SkipMachineOOBE>true<\/SkipMachineOOBE>\n         <\/OOBE>\n      <\/component>\n      <component xmlns:wcm=\"http:\/\/schemas.microsoft.com\/WMIConfig\/2002\/State\" xmlns:xsi=\"http:\/\/www.w3.org\/2001\/XMLSchema-instance\" name=\"Microsoft-Windows-International-Core\" processorArchitecture=\"amd64\" publicKeyToken=\"31bf3856ad364e35\" language=\"neutral\" versionScope=\"nonSxS\">\n         <InputLocale>fr-FR<\/InputLocale>\n         <SystemLocale>en-US<\/SystemLocale>\n         <UILanguageFallback>en-us<\/UILanguageFallback>\n         <UILanguage>en-US<\/UILanguage>\n         <UserLocale>en-US<\/UserLocale>\n      <\/component>\n   <\/settings>\n<\/unattend>","type":""}},"power_state":"ON","type":"","account_uuid":"6639980a-52b3-4eb5-b127-5272c9ede582","boot_config":{"boot_device":{"type":"","disk_address":{"type":"","device_index":0,"adapter_type":"SCSI"}},"type":"","boot_type":"","mac_address":""},"disk_list":[{"data_source_reference":{"kind":"image","type":"","name":"M-W2K19-STD","uuid":"86dec8ba-cff7-4463-b1e1-7b9b57b7251b"},"type":"","disk_size_mib":0,"volume_group_reference":null,"device_properties":{"type":"","disk_address":{"type":"","device_index":0,"adapter_type":"SCSI"},"device_type":"DISK"}},{"data_source_reference":{"kind":"image","type":"","name":"DISK-MGMT-80GIB","uuid":"4583c3c4-e6ec-4c01-80b2-536852680391"},"type":"","disk_size_mib":0,"volume_group_reference":null,"device_properties":{"type":"","disk_address":{"type":"","device_index":1,"adapter_type":"SCSI"},"device_type":"DISK"}}]},"availability_zone_reference":null,"backup_policy":null,"type":"","cluster_reference":null,"categories":""},"variable_list":[]}],"credential_definition_list":[{"username":"administrator","description":"","type":"PASSWORD","secret":{"attrs":{"is_secret_modified":true,"secret_reference":{}},"value":"0LIQ5ZvaoRkfgcKqTTgvmnh9vKauI33jBfyJ\/JUv0TZ15nqqtvbrfOVB:utf-8"},"name":"LOCAL","editables":{"username":true,"secret":true},"cred_class":"static"}],"package_definition_list":[{"description":"","action_list":[],"type":"DEB","service_local_reference_list":[{"kind":"app_service","name":"MSSQL"}],"name":"MSSQL_Package","version":"","options":{"install_runbook":{"task_definition_list":[{"target_any_local_reference":{"kind":"app_package","name":"MSSQL_Package"},"retries":"0","description":"","child_tasks_local_reference_list":[{"kind":"app_task","name":"Enable Credssp"},{"kind":"app_task","name":"InitializeDisk"},{"kind":"app_task","name":"InstallSQL"},{"kind":"app_task","name":"ApplyOSBPG"}],"name":"87d54973_dag","attrs":{"edges":[{"from_task_reference":{"kind":"app_task","name":"InitializeDisk"},"edge_type":"user_defined","type":"","to_task_reference":{"kind":"app_task","name":"InstallSQL"}},{"from_task_reference":{"kind":"app_task","name":"InstallSQL"},"edge_type":"user_defined","type":"","to_task_reference":{"kind":"app_task","name":"ApplyOSBPG"}},{"from_task_reference":{"kind":"app_task","name":"Enable Credssp"},"edge_type":"user_defined","type":"","to_task_reference":{"kind":"app_task","name":"InitializeDisk"}}],"type":""},"timeout_secs":"0","type":"DAG","variable_list":[]},{"target_any_local_reference":{"kind":"app_package","name":"MSSQL_Package"},"retries":"0","description":"","child_tasks_local_reference_list":[],"name":"Enable Credssp","attrs":{"script":"Enable-WSManCredSSP -Role Server -Force\nInstall-WindowsFeature -IncludeAllSubFeature -ErrorAction Stop Net-Framework-Core","type":"","command_line_args":"","exit_status":[],"script_type":"npsscript"},"timeout_secs":"0","type":"EXEC","variable_list":[]},{"target_any_local_reference":{"kind":"app_service","name":"MSSQL"},"retries":"0","description":"","child_tasks_local_reference_list":[],"name":"InitializeDisk","attrs":{"exit_status":[],"script":"$start_time=Get-Date\n\nGet-Disk -Number 1 | Initialize-Disk -ErrorAction SilentlyContinue\n=\n# Format SQL binaries disk\nNew-Partition -DiskNumber 1 -DriveLetter F -UseMaximumSize -ErrorAction SilentlyContinue | Format-Volume -Confirm:$false\n\n#Format drive with 64K block size, assigns Label and drive letter\n#Format-Volume -DriveLetter F -FileSystem NTFS -NewFileSystemLabel \"SQLINSTALL\" -Confirm:$false \n\nWrite-Output \"Time taken: $((Get-Date).Subtract($start_time).seconds) Second(s)\"\n","script_type":"npsscript","type":"","command_line_args":"","login_credential_local_reference":{"kind":"app_credential","name":"LOCAL"}},"timeout_secs":"0","type":"EXEC","variable_list":[]},{"target_any_local_reference":{"kind":"app_service","name":"MSSQL"},"retries":"0","description":"","child_tasks_local_reference_list":[],"name":"InstallSQL","attrs":{"exit_status":[],"script":"$SQL_USERNAME = \"@@{LOCAL.username}@@\"\n$SQL_PASSWORD = \"@@{LOCAL.secret}@@\"\n\n$DriveLetter = $(Get-Partition -DiskNumber 1 -PartitionNumber 2 | select DriveLetter -ExpandProperty DriveLetter)\n$edition = \"Standard\"\n$HOSTNAME=$(hostname)\n$PackageName = \"MsSqlServer\"\n$Prerequisites = \"Net-Framework-Core\"\n$silentArgs = \"\/IACCEPTSQLSERVERLICENSETERMS \/Q \/ACTION=install  \/FEATURES=SQLENGINE,CONN,IS,BC,SDK,BOL \/SECURITYMODE=sql \/SAPWD=`\"$SQL_PASSWORD`\" \/ASSYSADMINACCOUNTS=`\"$SQL_USERNAME`\" \/SQLSYSADMINACCOUNTS=`\"$SQL_USERNAME`\" \/INSTANCEID=MSSQLSERVER \/INSTANCENAME=MSSQLSERVER \/UPDATEENABLED=False \/INDICATEPROGRESS \/TCPENABLED=1 \/INSTALLSQLDATADIR=`\"${DriveLetter}:\\Microsoft SQL Server`\"\"\n$setupDriveLetter = \"D:\"\n$setupPath = \"$setupDriveLetter\\setup.exe\"\n$validExitCodes = @(0)\n\nif ($Prerequisites){\n#Install-WindowsFeature -IncludeAllSubFeature -ErrorAction Stop $Prerequisites\n}\n\nWrite-Output \"Installing $PackageName....\"\n\n$install = Start-Process -FilePath $setupPath -ArgumentList $silentArgs -Wait -NoNewWindow -PassThru\n$install.WaitForExit()\n\n$exitCode = $install.ExitCode\n$install.Dispose()\n\nWrite-Output \"Command [`\"$setupPath`\" $silentArgs] exited with `'$exitCode`'.\"\nif ($validExitCodes -notcontains $exitCode) {\nWrite-Output \"Running [`\"$setupPath`\" $silentArgs] was not successful. Exit code was '$exitCode'. See log for possible error messages.\"\nexit 1\n}","script_type":"npsscript","type":"","command_line_args":"","login_credential_local_reference":{"kind":"app_credential","name":"LOCAL"}},"timeout_secs":"0","type":"EXEC","variable_list":[]},{"target_any_local_reference":{"kind":"app_service","name":"MSSQL"},"retries":"0","description":"","child_tasks_local_reference_list":[],"name":"ApplyOSBPG","attrs":{"script":"if ((\"@@{INCLUDE_BPG}@@\" -eq \"no\") -or (\"@@{BPG_RKTOOLS_URL}@@\" -eq \"\")){\n    \"Ignoring BPG\"\n    exit 0\n}\n\n$start_time = Get-Date\n\n$TempDirectory = \"C:\\Temp\"\n$RktTemp = \"$TempDirectory\\rktools.2003\"\n\n$url = \"@@{BPG_RKTOOLS_URL}@@\"\n$filePath = \"$TempDirectory\\rktools.exe\"\n\nNew-Item -ItemType Directory -Force -Path $TempDirectory\n(New-Object System.Net.WebClient).DownloadFile($url,$filePath)\n\n& $filePath \/Q \/T:\"$RktTemp\" \/C\n\nStart-Sleep 10\n\n$PackageName = \"rktools.2003\"\n$setupPath = \"C:\\Windows\\System32\\msiexec.exe\"\n$silentArgs = \"\/i $RktTemp\\rktools.msi \/qn\"\n$validExitCodes = @(0)\n\nWrite-Output \"Installing $PackageName....\"\n\n$install = Start-Process -FilePath $setupPath -ArgumentList $silentArgs -Wait -NoNewWindow -PassThru\n$install.WaitForExit()\n\n$exitCode = $install.ExitCode\n$install.Dispose()\n\nWrite-Output \"Command [`\"$setupPath`\" $silentArgs] exited with `'$exitCode`'.\"\nif ($validExitCodes -notcontains $exitCode) {\nWrite-Output \"Running [`\"$setupPath`\" $silentArgs] was not successful. Exit code was '$exitCode'. See log for possible error messages.\"\nexit 1\n}\n\n# OS related tunning\n# Set Windows Power Options to High Performance\npowercfg -s 8c5e7fda-e8bf-4a96-9a85-a6e23a8c635c\n\n#Grant Memory privileges to user \n$ntrights_cli = \"C:\\Program Files (x86)\\Windows Resource Kits\\Tools\\ntrights.exe\"\n& $ntrights_cli -u \"NT SERVICE\\MSSQLSERVER\" +r SeLockMemoryPrivilege\n& $ntrights_cli -u \"NT SERVICE\\MSSQLSERVER\" +r SeManageVolumePrivilege\n\n\nWrite-Output \"Time taken: $((Get-Date).Subtract($start_time).seconds) Second(s)\"","type":"","command_line_args":"","exit_status":[],"script_type":"npsscript"},"timeout_secs":"0","type":"EXEC","variable_list":[]}],"description":"","name":"b58c360f_runbook","main_task_local_reference":{"kind":"app_task","name":"87d54973_dag"},"variable_list":[]},"type":"","uninstall_runbook":{"task_definition_list":[{"target_any_local_reference":{"kind":"app_package","name":"MSSQL_Package"},"retries":"0","description":"","child_tasks_local_reference_list":[],"name":"c5e51cfd_dag","attrs":{"edges":[],"type":""},"timeout_secs":"0","type":"DAG","variable_list":[]}],"description":"","name":"8cc4ed37_runbook","main_task_local_reference":{"kind":"app_task","name":"c5e51cfd_dag"},"variable_list":[]}},"variable_list":[]}],"app_profile_list":[{"deployment_create_list":[{"type":"GREENFIELD","action_list":[],"name":"49669086_deployment","min_replicas":"1","default_replicas":"1","depends_on_list":[],"published_service_local_reference_list":[],"max_replicas":"1","package_local_reference_list":[{"kind":"app_package","name":"MSSQL_Package"}],"substrate_local_reference":{"kind":"app_substrate","name":"AHV_MSSQL"},"variable_list":[],"description":""}],"environment_reference_list":[],"patch_list":[],"description":"","action_list":[],"name":"Nutanix","restore_config_list":[],"snapshot_config_list":[],"variable_list":[{"val_type":"STRING","is_mandatory":false,"description":"","data_type":"BASE","type":"LOCAL","name":"AD_IP","value":"nutalab.local","label":"","attrs":{"type":""},"editables":{"value":true},"is_hidden":false},{"val_type":"STRING","is_mandatory":false,"description":"","data_type":"BASE","type":"LOCAL","name":"DOMAIN","value":"contoso.com","label":"","attrs":{"type":""},"editables":{"value":true},"is_hidden":false},{"val_type":"STRING","is_mandatory":false,"description":"","data_type":"BASE","type":"LOCAL","name":"INCLUDE_BPG","value":"yes","label":"","attrs":{"type":""},"editables":{"value":true},"is_hidden":false},{"val_type":"STRING","is_mandatory":false,"description":"","data_type":"BASE","type":"LOCAL","name":"BPG_RKTOOLS_URL","value":"http:\/\/download.microsoft.com\/download\/8\/e\/c\/8ec3a7d8-05b4-440a-a71e-ca3ee25fe057\/rktools.exe","label":"","attrs":{"type":""},"editables":{"value":true},"is_hidden":false}]}],"published_service_definition_list":[],"default_credential_local_reference":{"kind":"app_credential","name":"LOCAL"},"type":"USER"},"name":"sqlserver2k19"},"api_version":"3.0","metadata":{"last_update_time":"1634985208489766","kind":"blueprint","spec_version":10,"creation_time":"1634978386596848","categories":{"AppFamily":"Databases"},"name":"sqlserver2k19"}}